"GR_keas","GR_keas_copy","C_keas","D_keas","GR_ori","GR_ori_copy","C_ori","D_ori","GR_fit","GR_fit_copy","C_fit","D_fit"
"0.0004","0.0004","191.3113523425","88.8486251268","0.0185101257","0.0185101257","84.375","43.75","0.0004","0.0004","1190.3241308157","227.215083535"
"0.0005","0.0005","176.0656661836","86.129521643","0.0176517044","0.0176517044","142.5","23.125","0.0005","0.0005","1029.7271994859","193.2414006033"
"0.0006","0.0006","162.3560904544","83.5178062696","0.0162592563","0.0162592563","86.25","26.875","0.0006","0.0006","914.7321956973","169.8002252368"
"0.0007","0.0007","150.0278511926","81.0092378269","0.0144525094","0.0144525094","135.6704517415","10.0491722993","0.0007","0.0007","827.5838848967","152.5729922976"
"0.0008","0.0008","138.9417690048","78.5997426363","0.0120543659","0.0120543659","101.9204517415","51.2991722993","0.0008","0.0008","758.8330813806","139.3345775067"
"0.0009","0.0009","128.972687803","76.2854079047","0.0092702087","0.0092702087","165.8529848615","93.378611943","0.0009","0.0009","702.9471789938","128.8171620724"
"0.001","0.001","120.0080618582","74.0624753706","0.0064387633","0.0064387633","168.3281141737","125.253611943","0.001","0.001","656.4523422976","120.2432473626"
"0.0011","0.0011","111.9466852173","71.9273352011","0.0042332208","0.0042332208","226.2667484267","91.3003798101","0.0011","0.0011","617.0475798233","113.1084335384"
"0.0012","0.0012","104.6975491412","69.8765201298","0.0028105869","0.0028105869","284.3917484267","108.17537981","0.0012","0.0012","583.1428874952","107.0706037376"
"0.0013","0.0013","98.178814663","67.9066998262","0.0017563661","0.0017563661","343.7135390271","90.1237205023","0.0013","0.0013","553.6011644582","101.8891802078"
"0.0014","0.0014","92.3168886693","66.014675488","0.0010995793","0.0010995793","402.6751672814","69.9992952437","0.0014","0.0014","527.5857333471","97.3898519577"
"0.0015","0.0015","87.0455930717","64.1973746458","0.0010414139","0.0010414139","458.7004124163","86.1185179575","0.0015","0.0015","504.4660331543","93.4431001196"
"0.0016","0.0016","82.3054176914","62.4518461744","0.001202225","0.001202225","518.6587774342","140.4935179575","0.0016","0.0016","483.7570124727","89.9505952876"
"0.0017","0.0017","78.0428484198","60.7752555001","0.0011945429","0.0011945429","462.4087774342","144.2435179575","0.0017","0.0017","465.0788906164","86.8362861376"
"0.0018","0.0018","74.2097630722","59.1648799976","0.0010939943","0.0010939943","408.0337774342","116.1185179575","0.0018","0.0018","448.129681718","84.0403897111"
"0.0019","0.0019","70.7628881134","57.6181045689","0.0010289628","0.0010289628","348.9133562156","118.959149701","0.0019","0.0019","432.6659700033","81.5152350177"
"0.002","0.002","67.6633101223","56.1324173965","0.000998151","0.000998151","292.6633562156","122.709149701","0.002","0.002","418.4891667649","79.2223240136"
"0.0021","0.0021","64.8760364795","54.7054058644","0.0009691308","0.0009691308","275.10563734","163.9591497009","0.0021","0.0021","405.4354976005","77.1302122163"
"0.0022","0.0022","62.3696003188","53.3347526405","0.0005519213","0.0005519213","1806.6580366074","1481.1513436654","0.0022","0.0022","393.3685827531","75.2129533925"
"0.0023","0.0023","60.1157052826","52.018231913","0.0215029647","0.0215029647","147.65625","32.8125","0.0023","0.0023","382.1738547257","73.448940117"
"0.0024","0.0024","58.0889060712","50.7537057764","0.0214854423","0.0214854423","155.15625","27.1875","0.0024","0.0024","371.7543001501","71.8200270998"
"0.0025","0.0025","56.2663211782","49.5391207595","0.0199810111","0.0199810111","137.5271539707","34.8714351917","0.0025","0.0025","362.0271710468","70.3108597325"
"0.0026","0.0026","54.6273745704","48.3725044905","0.0184665409","0.0184665409","172.9203820521","23.6214351917","0.0026","0.0026","352.9214157776","68.9083537488"
"0.0027","0.0027","53.1535633951","47.2519624948","0.0162527642","0.0162527642","180.9234443936","45.3067634326","0.0027","0.0027","344.3756512221","67.6012876369"
"0.0028","0.0028","51.8282490926","46.1756751176","0.013961869","0.013961869","250.6252220683","29.5087673999","0.0028","0.0028","336.3365467974","66.3799802068"
"0.0029","0.0029","50.6364695554","45.1418945697","0.0112683681","0.0112683681","306.8752220683","40.7587673998","0.0029","0.0029","328.7575252831","65.236033193"
"0.003","0.003","49.5647702138","44.148942089","0.0075849391","0.0075849391","365.0002220684","20.1337673998","0.003","0.003","321.5977098003","64.1621240359"
"0.0031","0.0031","48.6010521411","43.1952052142","0.0041758671","0.0041758671","421.2502220684","10.7002426699","0.0031","0.0031","314.8210638294","63.1518377563"
"0.0032","0.0032","47.7344354626","42.2791351664","0.0023586739","0.0023586739","483.6386711785","22.9818053905","0.0032","0.0032","308.395683924","62.1995295504"
"0.0033","0.0033","46.955136528","41.3992443344","0.0018779329","0.0018779329","541.1583736576","14.0129673963","0.0033","0.0033","302.2932141798","61.3002117317"
"0.0034","0.0034","46.2543574585","40.5541038583","0.0019424563","0.0019424563","595.2878659158","14.1795377658","0.0034","0.0034","296.4883585193","60.4494601135"
"0.0035","0.0035","45.6241868238","39.7423413096","0.0019950624","0.0019950624","649.6628659159","10.4295377658","0.0035","0.0035","290.9584721105","59.6433360285"
"0.0036","0.0036","45.0575103261","38.9626384624","0.001308832","0.001308832","706.2317095681","19.6936943654","0.0036","0.0036","285.6832172285","58.8783210105"
"0.0037","0.0037","44.547930483","38.2137291529","0.0005270672","0.0005270672","713.7317095682","12.1936943654","0.0037","0.0037","280.644271922","58.1512617956"
"0.0038","0.0038","44.089694404","37.4943972228","0.0004260511","0.0004260511","768.4074830792","48.137796822","0.0038","0.0038","275.8250821993","57.4593237822"
"0.0039","0.0039","43.6776288424","36.803474545","0.0004783194","0.0004783194","820.5561186015","81.887796822","0.0039","0.0039","271.2106502803","56.7999514666"
"0.004","0.004","43.3070817931","36.1398391261","0.0004579243","0.0004579243","879.3930555051","123.5227632243","0.004","0.004","266.7873528893","56.1708346579"
"0.0041","0.0041","42.973869973","35.5024132848","0.0004517188","0.0004517188","932.7082395817","161.0227632243","0.0041","0.0041","262.5427846982","55.569879509"
"0.0042","0.0042","42.6742315943","34.8901619015","0.0003340273","0.0003340273","1956.4582395775","112.2727632236","0.0042","0.0042","258.4656229177","54.9951835782"
"0.0043","0.0043","42.4047838961","34.3020907378","0.0041288584","0.0041288584","145.3125","59.375","0.0043","0.0043","254.5455097547","54.4450142798"
"0.0044","0.0044","42.1624849543","33.7372448214","0.002013092","0.002013092","158.4375","46.25","0.0044","0.0044","250.7729500235","53.9177901955"
"0.0045","0.0045","41.9445993401","33.1947068959","0.0015873783","0.0015873783","179.7797967665","54.6875","0.0045","0.0045","247.1392216633","53.4120648136"
"0.0046","0.0046","41.7486672386","32.6735959307","0.0038733186","0.0038733186","194.1393093673","43.9082179556","0.0046","0.0046","243.6362972881","52.9265123323"
"0.0047","0.0047","41.5724766785","32.1730656909","0.0063549335","0.0063549335","180.6701218513","53.5181311076","0.0047","0.0047","240.2567752032","52.4599152286"
"0.0048","0.0048","41.4140385603","31.6923033624","0.0067527321","0.0067527321","193.7951218513","40.3931311075","0.0048","0.0048","236.9938185711","52.0111533395"
"0.0049","0.0049","41.2715642002","31.2305282326","0.0042941962","0.0042941962","210.2364798027","55.1587561075","0.0049","0.0049","233.8411016171","51.5791942455"
"0.005","0.005","41.1434451369","30.7869904221","0.0016481282","0.0016481282","222.9215471798","68.8472499251","0.005","0.005","230.7927619351","51.1630847769"
"0.0051","0.0051","41.028234973","30.3609696674","0.0005044169","0.0005044169","239.006639007","70.4159225407","0.0051","0.0051","227.8433580954","50.7619434939"
"0.0052","0.0052","40.9246330459","29.9517741509","0.0007002918","0.0007002918","253.7722640071","85.1815475407","0.0052","0.0052","224.9878318741","50.3749540106"
"0.0053","0.0053","40.8314697438","29.5587393777","0.0007193522","0.0007193522","726.308235912","584.0367928443","0.0053","0.0053","222.221474522","50.001359055"
"0.0054","0.0054","40.7476933016","29.1812270963","0.0144639137","0.0144639137","88.1642599823","27.34375","0.0054","0.0054","219.5398965744","49.6404551718"
"0.0055","0.0055","40.6723579269","28.8186242623","0.0143823924","0.0143823924","102.9298849823","42.109375","0.0055","0.0055","216.9390007725","49.291587987"
"0.0056","0.0056","40.6046131227","28.470342043","0.0130652487","0.0130652487","118.3837261972","29.7013394342","0.0056","0.0056","214.4149577244","48.9541479675"
"0.0057","0.0057","40.5436940854","28.1358148609","0.011219818","0.011219818","138.6202140922","32.7434500127","0.0057","0.0057","211.9641839872","48.6275666136"
"0.0058","0.0058","40.4889130709","27.8144994753","0.0081721511","0.0081721511","158.1099312062","46.5718506037","0.0058","0.0058","209.5833222895","48.3113130369"
"0.0059","0.0059","40.43965163","27.5058741003","0.0044045742","0.0044045742","176.0114743142","47.9208418301","0.0059","0.0059","207.2692236542","48.0048908747"
"0.006","0.006","40.3953536268","27.2094375574","0.0030129195","0.0030129195","198.4645449228","58.8908583192","0.006","0.006","205.0189312095","47.7078355068"
"0.0061","0.0061","40.3555189599","26.9247084616","0.0026573445","0.0026573445","212.9957949228","49.0471083192","0.0061","0.0061","202.8296655032","47.4197115372"
"0.0062","0.0062","40.3196979167","26.6512244397","0.0017585161","0.0017585161","228.5367512708","51.8596083192","0.0062","0.0062","200.6988111595","47.1401105138"
"0.0063","0.0063","40.2874860964","26.3885413794","0.0013095544","0.0013095544","249.1680021552","55.1838406058","0.0063","0.0063","198.6239047357","46.8686488593"
"0.0064","0.0064","40.2585198441","26.1362327082","0.0009019528","0.0009019528","264.717904426","67.2098848912","0.0064","0.0064","196.6026236536","46.6049659905"
"0.0065","0.0065","40.2324721461","25.8938887005","0.000922777","0.000922777","278.5176370515","62.9053905958","0.0065","0.0065","194.6327760955","46.3487226075"
"0.0066","0.0066","40.2090489374","25.6611158126","0.0009225755","0.0009225755","295.8607825841","58.6972076787","0.0066","0.0066","192.7122917682","46.099599133"
"0.0067","0.0067","40.1879857823","25.4375360432","0.0008940481","0.0008940481","307.2814058594","45.9066460918","0.0067","0.0067","190.8392134467","45.8572942887"
"0.0068","0.0068","40.1690448886","25.2227863199","0.0011734994","0.0011734994","321.8126558595","45.4378960918","0.0068","0.0068","189.0116892233","45.6215237932"
"0.0069","0.0069","40.1520124235","25.0165179093","0.0009684816","0.0009684816","336.5782808594","60.2035210918","0.0069","0.0069","187.2279653923","45.3920191705"
"0.007","0.007","40.1366960995","24.8183958509","0.0010023371","0.0010023371","344.7814058594","49.6566460918","0.007","0.007","185.4863799108","45.1685266579"
"0.0071","0.0071","40.1229230032","24.6280984133","0.0007931144","0.0007931144","64.4689058598","28.0941460918","0.0071","0.0071","183.7853563811","44.9508062031"
"0.0072","0.0072","40.1105376435","24.4453165713","0.0126530954","0.0126530954","147.65625","45.8532272097","0.0072","0.0072","182.1233985063","44.7386305438"
"0.0073","0.0073","40.0994001961","24.2697535045","0.0126328864","0.0126328864","161.484375","44.6813522097","0.0073","0.0073","180.4990849761","44.5317843594"
"0.0074","0.0074","40.0893849251","24.1011241149","0.0119369843","0.0119369843","178.5045111364","55.4626022097","0.0074","0.0074","178.9110647437","44.330063491"
"0.0075","0.0075","40.0803787634","23.9391545643","0.0106706718","0.0106706718","198.54074018","56.6359034307","0.0075","0.0075","177.3580526602","44.1332742214"
"0.0076","0.0076","40.0722800359","23.7835818295","0.0088486482","0.0088486482","221.8460859142","70.3887803287","0.0076","0.0076","175.8388254332","43.9412326104"
"0.0077","0.0077","40.0649973124","23.634153275","0.0069372418","0.0069372418","242.4875407965","70.9537979488","0.0077","0.0077","174.3522178831","43.7537638808"
"0.0078","0.0078","40.0584483747","23.4906262429","0.0054724","0.0054724","267.2889525739","64.5736602572","0.0078","0.0078","172.8971194715","43.5707018501"
"0.0079","0.0079","40.0525592886","23.3527676588","0.0044760743","0.0044760743","296.5627639922","54.6021726999","0.0079","0.0079","171.4724710777","43.3918884045"
"0.008","0.008","40.0472635695","23.2203536533","0.004192678","0.004192678","323.2288108673","68.5123082552","0.008","0.008","170.0772620039","43.2171730108"
"0.0081","0.0081","40.0425014315","23.0931691987","0.0039970069","0.0039970069","336.1194358674","55.1529332552","0.0081","0.0081","168.7105271898","43.0464122638"
"0.0082","0.0082","40.0382191124","22.9710077593","0.0033865178","0.0033865178","354.9131124115","49.9966832552","0.0082","0.0082","167.3713446188","42.8794694662"
"0.0083","0.0083","40.0343682672","22.8536709565","0.0029615923","0.0029615923","375.110569879","55.120697233","0.0083","0.0083","166.0588329018","42.7162142372"
"0.0084","0.0084","40.0309054219","22.7409682464","0.0029355906","0.0029355906","389.3877964745","68.0848978101","0.0084","0.0084","164.772149024","42.5565221493"
"0.0085","0.0085","40.0277914826","22.6327166104","0.0026773959","0.0026773959","407.6853739295","79.5422632941","0.0085","0.0085","163.5104862409","42.4002743894"
"0.0086","0.0086","40.0249912947","22.528740258","0.0019214797","0.0019214797","421.7478739295","82.3547632941","0.0086","0.0086","162.2730721139","42.2473574428"
"0.0087","0.0087","40.0224732454","22.4288703415","0.0015016692","0.0015016692","433.2401548335","73.5347816396","0.0087","0.0087","161.0591666725","42.0976627992"
"0.0088","0.0088","40.0202089074","22.3329446815","0.0022098337","0.0022098337","446.8339048336","84.3160316396","0.0088","0.0088","159.8680606961","41.9510866772"
"0.0089","0.0089","40.0181727174","22.2408075037","0.0031123153","0.0031123153","461.5995298335","99.0816566396","0.0089","0.0089","158.6990741037","41.8075297676"
"0.009","0.009","40.016341688","22.1523091862","0.0031874584","0.0031874584","477.5232048303","92.4315714749","0.009","0.009","157.5515544461","41.6668969929"
"0.0091","0.0091","40.0146951476","22.0673060159","0.0011315679","0.0011315679","708.2611914635","396.3921539297","0.0091","0.0091","156.4248754911","41.5290972826"
"0.0092","0.0092","40.0132145078","21.9856599557","0.0117203311","0.0117203311","119.356670039","55.7284234528","0.0092","0.0092","155.3184358958","41.3940433626"
"0.0093","0.0093","40.0118830529","21.9072384201","0.011934022","0.011934022","110.4504200389","59.0096734528","0.0093","0.0093","154.2316579602","41.2616515575"
"0.0094","0.0094","40.0106857515","21.83191406","0.0115112872","0.0115112872","98.7316700389","53.3846734528","0.0094","0.0094","153.1639864556","41.1318416058"
"0.0095","0.0095","40.0096090867","21.7595645557","0.0093981973","0.0093981973","116.9350296827","45.6778126992","0.0095","0.0095","152.1148875224","41.0045364858"
"0.0096","0.0096","40.0086409034","21.6900724183","0.0067766673","0.0067766673","109.2006546827","55.4611617159","0.0096","0.0096","151.0838476334","40.8796622528"
"0.0097","0.0097","40.0077702714","21.6233247993","0.0031679613","0.0031679613","96.7787796827","55.2267867159","0.0097","0.0097","150.0703726176","40.7571478853"
"0.0098","0.0098","40.0069873618","21.5592133067","0.001081149","0.001081149","89.6288284548","45.0743963394","0.0098","0.0098","149.07398674","40.6369251409"
"0.0099","0.0099","40.0062833358","21.4976338296","0.0010471841","0.0010471841","78.7469104205","49.1220986297","0.0099","0.0099","148.0942318343","40.5189284209"
"0.01","0.01","40.0056502454","21.4384863687","0.0010152882","0.0010152882","64.6844104205","50.0595986297","0.01","0.01","147.1306664845","40.4030946417"
"0.0101","0.0101","40.0050809433","21.3816748741","0.000985278","0.000985278","68.9031604205","59.9033486297","0.0101","0.0101","146.1828652527","40.2893631152"
"0.0102","0.0102","40.0045690024","21.3271070892","0.0009569909","0.0009569909","56.2469104205","45.9353802863","0.0102","0.0102","145.2504179489","40.1776754346"
"0.0103","0.0103","40.0041086432","21.2746944012","","","","","0.0103","0.0103","144.3329289425","40.0679753678"
"0.0104","0.0104","40.0036946684","21.2243516968","","","","","0.0104","0.0104","143.4300165092","39.960208756"
"0.0105","0.0105","40.0033224045","21.1759972241","","","","","0.0105","0.0105","142.5413122151","39.8543234181"
"0.0106","0.0106","40.0029876488","21.12955246","","","","","0.0106","0.0106","141.666460332","39.7502690609"
"0.0107","0.0107","40.0026866221","21.0849419827","","","","","0.0107","0.0107","140.8051172852","39.6479971933"
"0.0108","0.0108","40.002415926","21.0420933489","","","","","0.0108","0.0108","139.9569511284","39.5474610462"
"0.0109","0.0109","40.0021725044","21.0009369765","","","","","0.0109","0.0109","139.121641048","39.4486154955"
"0.011","0.011","40.0019536093","20.9614060314","","","","","0.011","0.011","138.2988768908","39.3514169902"
"0.0111","0.0111","40.0017567693","20.9234363191","","","","","0.0111","0.0111","137.4883587174","39.2558234836"
"0.0112","0.0112","40.0015797624","20.8869661803","","","","","0.0112","0.0112","136.6897963772","39.1617943687"
"0.0113","0.0113","40.0014205902","20.851936391","","","","","0.0113","0.0113","135.9029091052","39.0692904163"
"0.0114","0.0114","40.0012774557","20.8182900661","","","","","0.0114","0.0114","135.1274251385","38.9782737167"
"0.0115","0.0115","40.0011487431","20.7859725672","","","","","0.0115","0.0115","134.3630813515","38.888707624"
"0.0116","0.0116","40.0010329991","20.7549314136","","","","","0.0116","0.0116","133.6096229099","38.8005567039"
"0.0117","0.0117","40.0009289172","20.7251161975","","","","","0.0117","0.0117","132.86680294","38.7137866832"
"0.0118","0.0118","40.0008353222","20.6964785018","","","","","0.0118","0.0118","132.134382215","38.6283644022"
"0.0119","0.0119","40.0007511576","20.6689718215","","","","","0.0119","0.0119","131.4121288553","38.54425777"
"0.012","0.012","40.0006754732","20.6425514884","","","","","0.012","0.012","130.6998180441","38.4614357207"
"0.0121","0.0121","40.0006074145","20.6171745983","","","","","0.0121","0.0121","129.997231755","38.3798681729"
"0.0122","0.0122","40.0005462132","20.5927999416","","","","","0.0122","0.0122","129.3041584931","38.2995259908"
"0.0123","0.0123","40.0004911784","20.5693879362","","","","","0.0123","0.0123","128.6203930479","38.2203809465"
"0.0124","0.0124","40.0004416887","20.5469005631","","","","","0.0124","0.0124","127.9457362569","38.1424056851"
"0.0125","0.0125","40.0003971854","20.5253013049","","","","","0.0125","0.0125","127.2799947807","38.0655736908"
"0.0126","0.0126","40.0003571662","20.5045550866","","","","","0.0126","0.0126","126.6229808877","37.9898592544"
"0.0127","0.0127","40.0003211792","20.4846282182","","","","","0.0127","0.0127","125.9745122484","37.9152374432"
"0.0128","0.0128","40.0002888181","20.4654883403","","","","","0.0128","0.0128","125.334411739","37.841684071"
"0.0129","0.0129","40.0002597176","20.4471043716","","","","","0.0129","0.0129","124.7025072537","37.7691756706"
"0.013","0.013","40.0002335493","20.4294464583","","","","","0.013","0.013","124.0786315245","37.6976894669"
"0.0131","0.0131","40.0002100175","20.4124859256","","","","","0.0131","0.0131","123.4626219499","37.6272033514"
"0.0132","0.0132","40.0001888568","20.3961952311","","","","","0.0132","0.0132","122.8543204297","37.5576958575"
"0.0133","0.0133","40.0001698281","20.3805479203","","","","","0.0133","0.0133","122.2535732078","37.4891461378"
"0.0134","0.0134","40.0001527167","20.3655185835","","","","","0.0134","0.0134","121.6602307212","37.421533941"
"0.0135","0.0135","40.0001373295","20.3510828144","","","","","0.0135","0.0135","121.0741474554","37.3548395912"
"0.0136","0.0136","40.0001234925","20.3372171708","","","","","0.0136","0.0136","120.4951818056","37.289043967"
"0.0137","0.0137","40.0001110498","20.323899136","","","","","0.0137","0.0137","119.9231959444","37.2241284822"
"0.0138","0.0138","40.0000998607","20.3111070829","","","","","0.0138","0.0138","119.3580556935","37.1600750669"
"0.0139","0.0139","40.0000897991","20.2988202384","","","","","0.0139","0.0139","118.7996304024","37.0968661496"
"0.014","0.014","40.0000807512","20.2870186497","","","","","0.014","0.014","118.2477928305","37.03448464"
"0.0141","0.0141","40.0000726149","20.2756831523","","","","","0.0141","0.0141","117.7024190346","36.9729139125"
"0.0142","0.0142","40.0000652985","20.2647953384","","","","","0.0142","0.0142","117.1633882611","36.9121377903"
"0.0143","0.0143","40.0000587192","20.2543375271","","","","","0.0143","0.0143","116.6305828417","36.8521405303"
"0.0144","0.0144","40.0000528028","20.2442927361","","","","","0.0144","0.0144","116.1038880942","36.7929068088"
"0.0145","0.0145","40.0000474826","20.2346446533","","","","","0.0145","0.0145","115.5831922261","36.7344217068"
"0.0146","0.0146","40.0000426984","20.2253776114","","","","","0.0146","0.0146","115.0683862428","36.6766706973"
"0.0147","0.0147","40.0000383962","20.2164765615","","","","","0.0147","0.0147","114.5593638588","36.6196396322"
"0.0148","0.0148","40.0000345275","20.2079270492","","","","","0.0148","0.0148","114.0560214129","36.5633147299"
"0.0149","0.0149","40.0000310486","20.1997151907","","","","","0.0149","0.0149","113.5582577855","36.5076825632"
"0.015","0.015","40.0000279202","20.1918276509","","","","","0.015","0.015","113.0659743204","36.4527300481"
"0.0151","0.0151","40.0000251071","20.1842516211","","","","","0.0151","0.0151","112.5790747486","36.3984444331"
"0.0152","0.0152","40.0000225774","20.1769747986","","","","","0.0152","0.0152","112.0974651151","36.3448132879"
"0.0153","0.0153","40.0000203025","20.1699853665","","","","","0.0153","0.0153","111.6210537086","36.2918244938"
"0.0154","0.0154","40.0000182569","20.1632719746","","","","","0.0154","0.0154","111.1497509935","36.2394662339"
"0.0155","0.0155","40.0000164174","20.156823721","","","","","0.0155","0.0155","110.6834695452","36.1877269835"
"0.0156","0.0156","40.0000147632","20.1506301343","","","","","0.0156","0.0156","110.2221239861","36.136595501"
"0.0157","0.0157","40.0000132757","20.1446811568","","","","","0.0157","0.0157","109.7656309257","36.0860608194"
"0.0158","0.0158","40.0000119381","20.1389671279","","","","","0.0158","0.0158","109.313908902","36.0361122378"
"0.0159","0.0159","40.0000107353","20.1334787684","","","","","0.0159","0.0159","108.8668783245","35.9867393132"
"0.016","0.016","40.0000096536","20.1282071659","","","","","0.016","0.016","108.4244614203","35.937931853"
"0.0161","0.0161","40.0000086809","20.1231437598","","","","","0.0161","0.0161","107.9865821813","35.8896799071"
"0.0162","0.0162","40.0000078063","20.1182803275","","","","","0.0162","0.0162","107.5531663137","35.8419737609"
"0.0163","0.0163","40.0000070197","20.1136089713","","","","","0.0163","0.0163","107.1241411887","35.7948039283"
"0.0164","0.0164","40.0000063124","20.1091221054","","","","","0.0164","0.0164","106.6994357956","35.748161145"
"0.0165","0.0165","40.0000056764","20.1048124435","","","","","0.0165","0.0165","106.2789806959","35.7020363619"
"0.0166","0.0166","40.0000051045","20.1006729871","","","","","0.0166","0.0166","105.8627079794","35.6564207388"
"0.0167","0.0167","40.0000045902","20.0966970142","","","","","0.0167","0.0167","105.4505512215","35.6113056384"
"0.0168","0.0168","40.0000041277","20.0928780681","","","","","0.0168","0.0168","105.0424454421","35.5666826207"
"0.0169","0.0169","40.0000037118","20.0892099472","","","","","0.0169","0.0169","104.6383270657","35.5225434369"
"0.017","0.017","40.0000033378","20.0856866949","","","","","0.017","0.017","104.2381338831","35.4788800243"
"0.0171","0.0171","40.0000030015","20.0823025897","","","","","0.0171","0.0171","103.8418050142","35.4356845011"
"0.0172","0.0172","40.0000026991","20.0790521361","","","","","0.0172","0.0172","103.4492808718","35.3929491608"
"0.0173","0.0173","40.0000024271","20.0759300558","","","","","0.0173","0.0173","103.0605031273","35.3506664681"
"0.0174","0.0174","40.0000021826","20.0729312787","","","","","0.0174","0.0174","102.6754146763","35.3088290533"
"0.0175","0.0175","40.0000019627","20.0700509352","","","","","0.0175","0.0175","102.2939596069","35.2674297084"
"0.0176","0.0176","40.0000017649","20.0672843477","","","","","0.0176","0.0176","101.9160831674","35.2264613823"
"0.0177","0.0177","40.0000015871","20.0646270237","","","","","0.0177","0.0177","101.5417317363","35.1859171767"
"0.0178","0.0178","40.0000014272","20.0620746479","","","","","0.0178","0.0178","101.1708527927","35.1457903417"
"0.0179","0.0179","40.0000012834","20.0596230755","","","","","0.0179","0.0179","100.8033948873","35.106074272"
"0.018","0.018","40.0000011541","20.0572683253","","","","","0.018","0.018","100.4393076151","35.0667625031"
"0.0181","0.0181","40.0000010378","20.0550065735","","","","","0.0181","0.0181","100.0785415884","35.0278487072"
"0.0182","0.0182","40.0000009332","20.0528341472","","","","","0.0182","0.0182","99.7210484107","34.98932669"
"0.0183","0.0183","40.0000008392","20.0507475185","","","","","0.0183","0.0183","99.3667806517","34.9511903867"
"0.0184","0.0184","40.0000007546","20.048743299","","","","","0.0184","0.0184","99.0156918227","34.9134338591"
"0.0185","0.0185","40.0000006786","20.0468182341","","","","","0.0185","0.0185","98.667736353","34.8760512918"
"0.0186","0.0186","40.0000006102","20.0449691976","","","","","0.0186","0.0186","98.3228695668","34.8390369894"
"0.0187","0.0187","40.0000005487","20.0431931868","","","","","0.0187","0.0187","97.981047661","34.8023853734"
"0.0188","0.0188","40.0000004935","20.0414873176","","","","","0.0188","0.0188","97.6422276838","34.7660909786"
"0.0189","0.0189","40.0000004437","20.03984882","","","","","0.0189","0.0189","97.3063675133","34.730148451"
"0.019","0.019","40.000000399","20.0382750331","","","","","0.019","0.019","96.9734258377","34.6945525446"
"0.0191","0.0191","40.0000003588","20.0367634012","","","","","0.0191","0.0191","96.6433621349","34.6592981185"
"0.0192","0.0192","40.0000003227","20.0353114696","","","","","0.0192","0.0192","96.3161366542","34.6243801345"
"0.0193","0.0193","40.0000002902","20.0339168806","","","","","0.0193","0.0193","95.9917103969","34.5897936547"
"0.0194","0.0194","40.0000002609","20.0325773693","","","","","0.0194","0.0194","95.6700450988","34.5555338383"
"0.0195","0.0195","40.0000002346","20.0312907606","","","","","0.0195","0.0195","95.3511032123","34.5215959402"
"0.0196","0.0196","40.000000211","20.0300549652","","","","","0.0196","0.0196","95.0348478898","34.4879753076"
"0.0197","0.0197","40.0000001897","20.0288679762","","","","","0.0197","0.0197","94.7212429666","34.4546673786"
"0.0198","0.0198","40.0000001706","20.0277278661","","","","","0.0198","0.0198","94.4102529456","34.4216676793"
"0.0199","0.0199","40.0000001534","20.0266327834","","","","","0.0199","0.0199","94.1018429808","34.3889718224"
"0.02","0.02","40.000000138","20.0255809498","","","","","0.02","0.02","93.7959788629","34.3565755042"
"0.0201","0.0201","40.0000001241","20.0245706573","","","","","0.0201","0.0201","93.4926270043","34.3244745034"
"0.0202","0.0202","40.0000001116","20.0236002653","","","","","0.0202","0.0202","93.1917544247","34.2926646787"
"0.0203","0.0203","40.0000001003","20.0226681978","","","","","0.0203","0.0203","92.893328737","34.261141967"
"0.0204","0.0204","40.0000000902","20.0217729414","","","","","0.0204","0.0204","92.5973181342","34.2299023816"
"0.0205","0.0205","40.0000000811","20.0209130421","","","","","0.0205","0.0205","92.3036913762","34.1989420102"
"0.0206","0.0206","40.000000073","20.0200871037","","","","","0.0206","0.0206","92.0124177765","34.1682570134"
"0.0207","0.0207","40.0000000656","20.0192937848","","","","","0.0207","0.0207","91.7234671903","34.137843623"
"0.0208","0.0208","40.000000059","20.0185317972","","","","","0.0208","0.0208","91.436810002","34.10769814"
"0.0209","0.0209","40.000000053","20.0177999035","","","","","0.0209","0.0209","91.1524171136","34.0778169334"
"0.021","0.021","40.0000000477","20.0170969152","","","","","0.021","0.021","90.8702599334","34.0481964384"
"0.0211","0.0211","40.0000000429","20.0164216907","","","","","0.0211","0.0211","90.5903103644","34.0188331551"
"0.0212","0.0212","40.0000000386","20.0157731334","","","","","0.0212","0.0212","90.3125407937","33.9897236467"
"0.0213","0.0213","40.0000000347","20.0151501902","","","","","0.0213","0.0213","90.0369240822","33.9608645383"
"0.0214","0.0214","40.0000000312","20.0145518495","","","","","0.0214","0.0214","89.7634335535","33.9322525155"
"0.0215","0.0215","40.000000028","20.0139771396","","","","","0.0215","0.0215","89.4920429849","33.903884323"
"0.0216","0.0216","40.0000000252","20.0134251273","","","","","0.0216","0.0216","89.2227265969","33.8757567632"
"0.0217","0.0217","40.0000000227","20.0128949161","","","","","0.0217","0.0217","88.9554590437","33.847866695"
"0.0218","0.0218","40.0000000204","20.0123856451","","","","","0.0218","0.0218","88.6902154044","33.8202110325"
"0.0219","0.0219","40.0000000183","20.0118964872","","","","","0.0219","0.0219","88.4269711738","33.792786744"
"0.022","0.022","40.0000000165","20.011426648","","","","","0.022","0.022","88.1657022534","33.7655908503"
"0.0221","0.0221","40.0000000148","20.0109753647","","","","","0.0221","0.0221","87.9063849428","33.738620424"
"0.0222","0.0222","40.0000000133","20.0105419043","","","","","0.0222","0.0222","87.6489959319","33.7118725885"
"0.0223","0.0223","40.000000012","20.0101255629","","","","","0.0223","0.0223","87.393512292","33.6853445162"
"0.0224","0.0224","40.0000000108","20.0097256645","","","","","0.0224","0.0224","87.1399114686","33.6590334283"
"0.0225","0.0225","40.0000000097","20.0093415597","","","","","0.0225","0.0225","86.8881712731","33.632936593"
"0.0226","0.0226","40.0000000087","20.0089726247","","","","","0.0226","0.0226","86.6382698755","33.607051325"
"0.0227","0.0227","40.0000000078","20.0086182604","","","","","0.0227","0.0227","86.3901857971","33.5813749843"
"0.0228","0.0228","40.0000000071","20.0082778914","","","","","0.0228","0.0228","86.1438979033","33.5559049755"
"0.0229","0.0229","40.0000000063","20.0079509648","","","","","0.0229","0.0229","85.8993853965","33.5306387461"
"0.023","0.023","40.0000000057","20.0076369499","","","","","0.023","0.023","85.6566278094","33.5055737868"
"0.0231","0.0231","40.0000000051","20.0073353366","","","","","0.0231","0.0231","85.4156049982","33.4807076294"
"0.0232","0.0232","40.0000000046","20.0070456353","","","","","0.0232","0.0232","85.1762971363","33.4560378468"
"0.0233","0.0233","40.0000000041","20.0067673754","","","","","0.0233","0.0233","84.9386847079","33.4315620517"
"0.0234","0.0234","40.0000000037","20.0065001051","","","","","0.0234","0.0234","84.7027485019","33.4072778959"
"0.0235","0.0235","40.0000000034","20.0062433903","","","","","0.0235","0.0235","84.4684696054","33.3831830695"
"0.0236","0.0236","40.000000003","20.0059968142","","","","","0.0236","0.0236","84.2358293987","33.3592753002"
"0.0237","0.0237","40.0000000027","20.0057599764","","","","","0.0237","0.0237","84.0048095485","33.3355523523"
"0.0238","0.0238","40.0000000024","20.0055324922","","","","","0.0238","0.0238","83.7753920033","33.3120120262"
"0.0239","0.0239","40.0000000022","20.0053139923","","","","","0.0239","0.0239","83.5475589871","33.2886521577"
"0.024","0.024","40.000000002","20.0051041218","","","","","0.024","0.024","83.3212929946","33.2654706168"
"0.0241","0.0241","40.0000000018","20.00490254","","","","","0.0241","0.0241","83.0965767858","33.2424653078"
"0.0242","0.0242","40.0000000016","20.0047089193","","","","","0.0242","0.0242","82.8733933806","33.2196341679"
"0.0243","0.0243","40.0000000014","20.0045229456","","","","","0.0243","0.0243","82.6517260546","33.1969751669"
"0.0244","0.0244","40.0000000013","20.0043443166","","","","","0.0244","0.0244","82.4315583331","33.1744863066"
"0.0245","0.0245","40.0000000012","20.0041727424","","","","","0.0245","0.0245","82.2128739876","33.15216562"
"0.0246","0.0246","40.000000001","20.0040079444","","","","","0.0246","0.0246","81.99565703","33.1300111706"
"0.0247","0.0247","40.0000000009","20.0038496549","","","","","0.0247","0.0247","81.779891709","33.1080210522"
"0.0248","0.0248","40.0000000008","20.0036976168","","","","","0.0248","0.0248","81.5655625051","33.0861933878"
"0.0249","0.0249","40.0000000008","20.0035515834","","","","","0.0249","0.0249","81.3526541263","33.0645263296"
"0.025","0.025","40.0000000007","20.0034113174","","","","","0.025","0.025","81.1411515042","33.0430180579"
